date,iso3,year,quarter,vax_q
2005-12-31,AUS,2005,4,135722983.47
2006-03-31,AUS,2006,1,140183670.04782146
2006-06-30,AUS,2006,2,143768362.16716185
2006-09-30,AUS,2006,3,147036240.00134924
2006-12-31,AUS,2006,4,150543394.72
2007-03-31,AUS,2007,1,154781825.3529401
2007-06-30,AUS,2007,2,160456427.87983575
2007-09-30,AUS,2007,3,168203110.73466465
2007-12-31,AUS,2007,4,178567927.61
2008-03-31,AUS,2008,1,191331250.19122484
2008-06-30,AUS,2008,2,203910043.85230663
2008-09-30,AUS,2008,3,213039244.21576384
2008-12-31,AUS,2008,4,215129719.15
2009-03-31,AUS,2009,1,208380994.5183015
2009-06-30,AUS,2009,2,196182167.39793983
2009-09-30,AUS,2009,3,183322751.1923395
2009-12-31,AUS,2009,4,174965353.87
2010-03-31,AUS,2010,1,174838049.12466642
2010-06-30,AUS,2010,2,181732823.0873956
2010-09-30,AUS,2010,3,193544671.23618343
2010-12-31,AUS,2010,4,207856459.01
2011-03-31,AUS,2011,1,222222823.50202745
2011-06-30,AUS,2011,2,236004010.26329723
2011-09-30,AUS,2011,3,248284660.5476025
2011-12-31,AUS,2011,4,258002208.67999998
2012-03-31,AUS,2012,1,264423571.1548268
2012-06-30,AUS,2012,2,267885347.03180858
2012-09-30,AUS,2012,3,268819309.62967
2012-12-31,AUS,2012,4,267620134.91
2013-03-31,AUS,2013,1,264866439.49805206
2013-06-30,AUS,2013,2,261194432.4089563
2013-09-30,AUS,2013,3,257348587.16836876
2013-12-31,AUS,2013,4,254152356.16
2014-03-31,AUS,2014,1,252150608.19747898
2014-06-30,AUS,2014,2,250688136.366299
2014-09-30,AUS,2014,3,248922720.4721922
2014-12-31,AUS,2014,4,245996985.03
2015-03-31,AUS,2015,1,241418538.7961557
2015-06-30,AUS,2015,2,235485353.33300814
2015-09-30,AUS,2015,3,228850855.87027493
2015-12-31,AUS,2015,4,222282357.96
2016-03-31,AUS,2016,1,216562049.6175608
2016-06-30,AUS,2016,2,212390909.29005763
2016-09-30,AUS,2016,3,210556529.30086985
2016-12-31,AUS,2016,4,211932944.26
2017-03-31,AUS,2017,1,216850005.7836802
2017-06-30,AUS,2017,2,224550650.14022973
2017-09-30,AUS,2017,3,233898735.28673708
2017-12-31,AUS,2017,4,243575836.34
2018-03-31,AUS,2018,1,252050505.07520813
2018-06-30,AUS,2018,2,257845164.192076
2018-09-30,AUS,2018,3,258930868.92794058
2018-12-31,AUS,2018,4,253256026.01
2019-03-31,AUS,2019,1,240965331.9023338
2019-06-30,AUS,2019,2,228534798.5023925
2019-09-30,AUS,2019,3,224707092.54413977
2019-12-31,AUS,2019,4,238521519.42
2020-03-31,AUS,2020,1,271819464.6932227
2020-06-30,AUS,2020,2,301075863.1853878
2020-09-30,AUS,2020,3,295940141.83724844
2020-12-31,AUS,2020,4,225016351.05
2021-03-31,AUS,2021,1,86060529.80927883
2021-06-30,AUS,2021,2,-32126713.275831163
2021-09-30,AUS,2021,3,-8860908.291732265
2021-12-31,AUS,2021,4,279420552.82
2022-03-31,AUS,2022,1,896207476.9285401
2022-06-30,AUS,2022,2,1775332265.2208884
2022-09-30,AUS,2022,3,2800659167.7526493
2022-12-31,AUS,2022,4,3837069999.9999995
2023-03-31,AUS,2023,1,4740001257.137212
2023-06-30,AUS,2023,2,5419496341.023338
2023-09-30,AUS,2023,3,5743211101.087033
2023-12-31,AUS,2023,4,5575490000.000001
2024-03-31,AUS,2024,1,5575490000.0
2024-06-30,AUS,2024,2,5575490000.0
2024-09-30,AUS,2024,3,5575490000.0
2024-12-31,AUS,2024,4,5575490000.0
2005-12-31,BRN,2005,4,1616060.17
2006-03-31,BRN,2006,1,1210461.1639402646
2006-06-30,BRN,2006,2,1211023.819151393
2006-09-30,BRN,2006,3,1521198.4202111089
2006-12-31,BRN,2006,4,2031094.1399999997
2007-03-31,BRN,2007,1,2615588.954597049
2007-06-30,BRN,2007,2,3184963.2367935176
2007-09-30,BRN,2007,3,3628337.4401354226
2007-12-31,BRN,2007,4,3827155.51
2008-03-31,BRN,2008,1,3714376.4385210136
2008-06-30,BRN,2008,2,3389863.9568769187
2008-09-30,BRN,2008,3,2986423.9214332863
2008-12-31,BRN,2008,4,2648363.04
2009-03-31,BRN,2009,1,2484504.8165685465
2009-06-30,BRN,2009,2,2456656.588885786
2009-09-30,BRN,2009,3,2503872.7201705608
2009-12-31,BRN,2009,4,2560515.9
2010-03-31,BRN,2010,1,2587637.7913940293
2010-06-30,BRN,2010,2,2658447.5323946727
2010-09-30,BRN,2010,3,2876336.9436168526
2010-12-31,BRN,2010,4,3344589.07
2011-03-31,BRN,2011,1,4097662.005461869
2011-06-30,BRN,2011,2,5015922.441872525
2011-09-30,BRN,2011,3,5911372.645478617
2011-12-31,BRN,2011,4,6578067.06
2012-03-31,BRN,2012,1,6881478.371474296
2012-06-30,BRN,2012,2,6947883.552984667
2012-09-30,BRN,2012,3,6956662.283536512
2012-12-31,BRN,2012,4,7091004.519999999
2013-03-31,BRN,2013,1,7460474.543106815
2013-06-30,BRN,2013,2,7938828.131920742
2013-09-30,BRN,2013,3,8326365.7170599
2013-12-31,BRN,2013,4,8411525.98
2014-03-31,BRN,2014,1,8070327.323635341
2014-06-30,BRN,2014,2,7439883.608792904
2014-09-30,BRN,2014,3,6726674.117744332
2014-12-31,BRN,2014,4,6155924.88
2015-03-31,BRN,2015,1,5888668.897365973
2015-06-30,BRN,2015,2,5827513.351649838
2015-09-30,BRN,2015,3,5832011.175990858
2015-12-31,BRN,2015,4,5753928.35
2016-03-31,BRN,2016,1,5477339.104596983
2016-06-30,BRN,2016,2,5000768.6886749035
2016-09-30,BRN,2016,3,4343612.87286737
2016-12-31,BRN,2016,4,3538347.0
2017-03-31,BRN,2017,1,2688534.577668079
2017-06-30,BRN,2017,2,2070860.5708842832
2017-09-30,BRN,2017,3,2062129.112747523
2017-12-31,BRN,2017,4,3046020.25
2018-03-31,BRN,2018,1,5047465.743398662
2018-06-30,BRN,2018,2,7035259.068421203
2018-09-30,BRN,2018,3,7601139.94697173
2018-12-31,BRN,2018,4,5290251.13
2019-03-31,BRN,2019,1,-160893.4211576899
2019-06-30,BRN,2019,2,-5308219.902263992
2019-09-30,BRN,2019,3,-5449157.498199798
2019-12-31,BRN,2019,4,4251197.39
2020-03-31,BRN,2020,1,24660209.621926043
2020-06-30,BRN,2020,2,42731837.04291393
2020-09-30,BRN,2020,3,41658176.11702662
2020-12-31,BRN,2020,4,4012124.78
2021-03-31,BRN,2021,1,-71991696.44411297
2021-06-30,BRN,2021,2,-139676965.2019062
2021-09-30,BRN,2021,3,-135444836.64965034
2021-12-31,BRN,2021,4,5952745.83
2022-03-31,BRN,2022,1,315845444.3868667
2022-06-30,BRN,2022,2,746118246.4341594
2022-09-30,BRN,2022,3,1219168146.195827
2022-12-31,BRN,2022,4,1647950000.0
2023-03-31,BRN,2023,1,1945012638.9404583
2023-06-30,BRN,2023,2,2042585200.9607403
2023-09-30,BRN,2023,3,1852465974.5104518
2023-12-31,BRN,2023,4,1289480000.0
2024-03-31,BRN,2024,1,1289480000.0
2024-06-30,BRN,2024,2,1289480000.0
2024-09-30,BRN,2024,3,1289480000.0
2024-12-31,BRN,2024,4,1289480000.0
2005-12-31,CHN,2005,4,619016584.97
2006-03-31,CHN,2006,1,645850265.0527956
2006-06-30,CHN,2006,2,676822001.5382835
2006-09-30,CHN,2006,3,711524423.9637171
2006-12-31,CHN,2006,4,749094189.93
2007-03-31,CHN,2007,1,788099658.2433336
2007-06-30,CHN,2007,2,829280401.7518528
2007-09-30,CHN,2007,3,872159502.2591436
2007-12-31,CHN,2007,4,915749711.81
2008-03-31,CHN,2008,1,958092573.7759826
2008-06-30,CHN,2008,2,994431223.3053484
2008-09-30,CHN,2008,3,1018772430.8644868
2008-12-31,CHN,2008,4,1024298423.7799999
2009-03-31,CHN,2009,1,1009141820.7235572
2009-06-30,CHN,2009,2,986280137.9989394
2009-09-30,CHN,2009,3,972940003.2439464
2009-12-31,CHN,2009,4,987126741.1
2010-03-31,CHN,2010,1,1039761994.024715
2010-06-30,CHN,2010,2,1123750216.858431
2010-09-30,CHN,2010,3,1226415188.941151
2010-12-31,CHN,2010,4,1333059090.43
2011-03-31,CHN,2011,1,1429274530.5894716
2011-06-30,CHN,2011,2,1512239486.7086844
2011-09-30,CHN,2011,3,1576696734.1636858
2011-12-31,CHN,2011,4,1616784547.0199997
2012-03-31,CHN,2012,1,1630543771.2857416
2012-06-30,CHN,2012,2,1628074796.2063205
2012-09-30,CHN,2012,3,1621703490.3911276
2012-12-31,CHN,2012,4,1624172572.65
2013-03-31,CHN,2013,1,1644074225.4257991
2013-06-30,CHN,2013,2,1676952222.9124904
2013-09-30,CHN,2013,3,1714698819.85268
2013-12-31,CHN,2013,4,1748337327.91
2014-03-31,CHN,2014,1,1769998110.2373235
2014-06-30,CHN,2014,2,1777662132.860935
2014-09-30,CHN,2014,3,1769000972.1422572
2014-12-31,CHN,2014,4,1741960455.31
2015-03-31,CHN,2015,1,1697716831.3159063
2015-06-30,CHN,2015,2,1642518809.7613676
2015-09-30,CHN,2015,3,1585551059.6752367
2015-12-31,CHN,2015,4,1537067593.05
2016-03-31,CHN,2016,1,1505515937.25745
2016-06-30,CHN,2016,2,1492489293.5132008
2016-09-30,CHN,2016,3,1498910831.576822
2016-12-31,CHN,2016,4,1525797542.12
2017-03-31,CHN,2017,1,1571712635.6207004
2017-06-30,CHN,2017,2,1633846049.3525949
2017-09-30,CHN,2017,3,1707618038.425462
2017-12-31,CHN,2017,4,1787239787.13
2018-03-31,CHN,2018,1,1864733254.6690245
2018-06-30,CHN,2018,2,1932185451.0430353
2018-09-30,CHN,2018,3,1977342481.2587128
2018-12-31,CHN,2018,4,1987292151.09
2019-03-31,CHN,2019,1,1958563342.2421317
2019-06-30,CHN,2019,2,1916143282.5245368
2019-09-30,CHN,2019,3,1893205805.7477827
2019-12-31,CHN,2019,4,1924374506.8099997
2020-03-31,CHN,2020,1,2021711055.8141367
2020-06-30,CHN,2020,2,2117192110.3669999
2020-09-30,CHN,2020,3,2121822861.080839
2020-12-31,CHN,2020,4,1943216340.33
2021-03-31,CHN,2021,1,1575233832.212395
2021-06-30,CHN,2021,2,1287609108.4560666
2021-09-30,CHN,2021,3,1445022270.5871673
2021-12-31,CHN,2021,4,2419607092.09
2022-03-31,CHN,2022,1,4377988430.760995
2022-06-30,CHN,2022,2,7010880891.313819
2022-09-30,CHN,2022,3,9824777091.057873
2022-12-31,CHN,2022,4,12269820000.0
2023-03-31,CHN,2023,1,13801768381.70072
2023-06-30,CHN,2023,2,13982042209.333788
2023-09-30,CHN,2023,3,12250124789.75612
2023-12-31,CHN,2023,4,8071820000.0
2024-03-31,CHN,2024,1,8071820000.0
2024-06-30,CHN,2024,2,8071820000.0
2024-09-30,CHN,2024,3,8071820000.0
2024-12-31,CHN,2024,4,8071820000.0
2005-12-31,IDN,2005,4,79827762.38
2006-03-31,IDN,2006,1,81571255.28723517
2006-06-30,IDN,2006,2,82939233.8755476
2006-09-30,IDN,2006,3,84346677.19946237
2006-12-31,IDN,2006,4,86212247.6
2007-03-31,IDN,2007,1,88898559.11180404
2007-06-30,IDN,2007,2,92899589.28896555
2007-09-30,IDN,2007,3,98685999.74585512
2007-12-31,IDN,2007,4,106656900.60000001
2008-03-31,IDN,2008,1,116606156.65397868
2008-06-30,IDN,2008,2,126476351.46869308
2008-09-30,IDN,2008,3,133679042.1336229
2008-12-31,IDN,2008,4,135370375.38
2009-03-31,IDN,2009,1,130167507.87235795
2009-06-30,IDN,2009,2,121003182.05905822
2009-09-30,IDN,2009,3,111985564.43844032
2009-12-31,IDN,2009,4,107508653.32
2010-03-31,IDN,2010,1,110582749.37921022
2010-06-30,IDN,2010,2,119815600.42770164
2010-09-30,IDN,2010,3,132851643.3751068
2010-12-31,IDN,2010,4,147018229.89
2011-03-31,IDN,2011,1,159864606.5960377
2011-06-30,IDN,2011,2,171339898.75984025
2011-09-30,IDN,2011,3,181308233.5601592
2011-12-31,IDN,2011,4,189547794.73
2012-03-31,IDN,2012,1,195947239.33278275
2012-06-30,IDN,2012,2,200698850.24479944
2012-09-30,IDN,2012,3,203958976.30004948
2012-12-31,IDN,2012,4,205799561.56000003
2013-03-31,IDN,2013,1,206402969.6620529
2013-06-30,IDN,2013,2,206185980.1046388
2013-09-30,IDN,2013,3,205558419.3733963
2013-12-31,IDN,2013,4,204963295.75
2014-03-31,IDN,2014,1,204595736.83200008
2014-06-30,IDN,2014,2,203620465.56148
2014-09-30,IDN,2014,3,200918103.369874
2014-12-31,IDN,2014,4,195376514.17
2015-03-31,IDN,2015,1,186622838.7131969
2015-06-30,IDN,2015,2,175843969.41428193
2015-09-30,IDN,2015,3,164955087.95498356
2015-12-31,IDN,2015,4,156079173.31
2016-03-31,IDN,2016,1,150762510.61365676
2016-06-30,IDN,2016,2,148393982.44608414
2016-09-30,IDN,2016,3,147986691.9674501
2016-12-31,IDN,2016,4,148558661.51
2017-03-31,IDN,2017,1,149423787.501967
2017-06-30,IDN,2017,2,151363264.09083313
2017-09-30,IDN,2017,3,155552143.5698322
2017-12-31,IDN,2017,4,163135669.15
2018-03-31,IDN,2018,1,174010056.2515967
2018-06-30,IDN,2018,2,184774733.02190065
2018-09-30,IDN,2018,3,190622773.32796896
2018-12-31,IDN,2018,4,186547509.4
2019-03-31,IDN,2019,1,171221727.88741973
2019-06-30,IDN,2019,2,154721361.2274149
2019-09-30,IDN,2019,3,150809029.2383716
2019-12-31,IDN,2019,4,173708752.76
2020-03-31,IDN,2020,1,226320710.14826003
2020-06-30,IDN,2020,2,271489319.61248827
2020-09-30,IDN,2020,3,261230970.1318348
2020-12-31,IDN,2020,4,145945189.94
2021-03-31,IDN,2021,1,-77903370.64810993
2021-06-30,IDN,2021,2,-270618069.9176697
2021-09-30,IDN,2021,3,-242167851.1523552
2021-12-31,IDN,2021,4,202125597.34
2022-03-31,IDN,2022,1,1156529359.4270911
2022-06-30,IDN,2022,2,2485710760.3794565
2022-09-30,IDN,2022,3,3967694731.270042
2022-12-31,IDN,2022,4,5351580000.0
2023-03-31,IDN,2023,1,6381915715.749425
2023-06-30,IDN,2023,2,6869464459.088388
2023-09-30,IDN,2023,3,6561806687.068295
2023-12-31,IDN,2023,4,5212160000.0
2024-03-31,IDN,2024,1,5212160000.0
2024-06-30,IDN,2024,2,5212160000.0
2024-09-30,IDN,2024,3,5212160000.0
2024-12-31,IDN,2024,4,5212160000.0
2005-12-31,JPN,2005,4,494448580.74
2006-03-31,JPN,2006,1,522093043.6866722
2006-06-30,JPN,2006,2,538031736.862308
2006-09-30,JPN,2006,3,545474499.1529115
2006-12-31,JPN,2006,4,547853147.96
2007-03-31,JPN,2007,1,548803103.3963045
2007-06-30,JPN,2007,2,551908816.21742
2007-09-30,JPN,2007,3,560849455.6782407
2007-12-31,JPN,2007,4,579276942.25
2008-03-31,JPN,2008,1,607849863.1861296
2008-06-30,JPN,2008,2,637350300.6838713
2008-09-30,JPN,2008,3,655933177.3387094
2008-12-31,JPN,2008,4,650916984.58
2009-03-31,JPN,2009,1,616157245.403185
2009-06-30,JPN,2009,2,563869333.8125644
2009-09-30,JPN,2009,3,511842025.4756427
2009-12-31,JPN,2009,4,479247024.04
2010-03-31,JPN,2010,1,479421439.8983576
2010-06-30,JPN,2010,2,505909521.4610579
2010-09-30,JPN,2010,3,548511729.6149006
2010-12-31,JPN,2010,4,595809643.87
2011-03-31,JPN,2011,1,637503654.9634923
2011-06-30,JPN,2011,2,672886504.3952047
2011-09-30,JPN,2011,3,701329345.56426
2011-12-31,JPN,2011,4,721993840.66
2012-03-31,JPN,2012,1,734632040.9277328
2012-06-30,JPN,2012,2,740379014.0082297
2012-09-30,JPN,2012,3,740327639.9917437
2012-12-31,JPN,2012,4,735536916.49
2013-03-31,JPN,2013,1,727617771.4414222
2013-06-30,JPN,2013,2,718706218.9092954
2013-09-30,JPN,2013,3,711428790.2808194
2013-12-31,JPN,2013,4,708583475.97
2014-03-31,JPN,2014,1,711383081.0458975
2014-06-30,JPN,2014,2,715776211.8879162
2014-09-30,JPN,2014,3,716277406.6826786
2014-12-31,JPN,2014,4,707208557.48
2015-03-31,JPN,2015,1,685604700.5371921
2015-06-30,JPN,2015,2,655443372.8128985
2015-09-30,JPN,2015,3,623112066.2622904
2015-12-31,JPN,2015,4,595680877.63
2016-03-31,JPN,2016,1,578504120.9188529
2016-06-30,JPN,2016,2,570283221.5739872
2016-09-30,JPN,2016,3,568560931.1427441
2016-12-31,JPN,2016,4,570925547.86
2017-03-31,JPN,2017,1,575368946.2676898
2017-06-30,JPN,2017,2,582737938.2704581
2017-09-30,JPN,2017,3,594546960.7706884
2017-12-31,JPN,2017,4,612176156.0
2018-03-31,JPN,2018,1,634955902.6850438
2018-06-30,JPN,2018,2,657349031.1691736
2018-09-30,JPN,2018,3,671399070.0114216
2018-12-31,JPN,2018,4,668775926.9100001
2019-03-31,JPN,2019,1,647107590.7916625
2019-06-30,JPN,2019,2,622687280.8338046
2019-09-30,JPN,2019,3,617632564.7803224
2019-12-31,JPN,2019,4,654804747.44
2020-03-31,JPN,2020,1,738742126.9029617
2020-06-30,JPN,2020,2,808960154.9074234
2020-09-30,JPN,2020,3,787327844.1615915
2020-12-31,JPN,2020,4,593173166.59
2021-03-31,JPN,2021,1,221871295.0904488
2021-06-30,JPN,2021,2,-94757098.94154552
2021-09-30,JPN,2021,3,-41531426.95494854
2021-12-31,JPN,2021,4,704318189.05
2022-03-31,JPN,2022,1,2300660800.3973355
2022-06-30,JPN,2022,2,4533069443.035289
2022-09-30,JPN,2022,3,7045782656.952313
2022-12-31,JPN,2022,4,9434580000.0
2023-03-31,JPN,2023,1,11284133986.345943
2023-06-30,JPN,2023,2,12296116933.453274
2023-09-30,JPN,2023,3,12065824269.810402
2023-12-31,JPN,2023,4,10194200000.0
2024-03-31,JPN,2024,1,10194200000.0
2024-06-30,JPN,2024,2,10194200000.0
2024-09-30,JPN,2024,3,10194200000.0
2024-12-31,JPN,2024,4,10194200000.0
2005-12-31,KHM,2005,4,4052751.88
2006-03-31,KHM,2006,1,4564144.644479496
2006-06-30,KHM,2006,2,4905883.150015642
2006-09-30,KHM,2006,3,5124438.227341504
2006-12-31,KHM,2006,4,5268314.76
2007-03-31,KHM,2007,1,5387855.8562984485
2007-06-30,KHM,2007,2,5538549.284570265
2007-09-30,KHM,2007,3,5773666.776046004
2007-12-31,KHM,2007,4,6144958.55
2008-03-31,KHM,2008,1,6665370.921048203
2008-06-30,KHM,2008,2,7225046.704153938
2008-09-30,KHM,2008,3,7681863.390634128
2008-12-31,KHM,2008,4,7878792.39
2009-03-31,KHM,2009,1,7733181.946627079
2009-06-30,KHM,2009,2,7398000.753752973
2009-09-30,KHM,2009,3,7084981.851614079
2009-12-31,KHM,2009,4,7018709.89
2010-03-31,KHM,2010,1,7358473.129823184
2010-06-30,KHM,2010,2,8081566.324753282
2010-09-30,KHM,2010,3,9122198.394559773
2010-12-31,KHM,2010,4,10394736.45
2011-03-31,KHM,2011,1,11768613.049219426
2011-06-30,KHM,2011,2,13114251.911806677
2011-09-30,KHM,2011,3,14232886.906972723
2011-12-31,KHM,2011,4,14908553.720000003
2012-03-31,KHM,2012,1,15041495.896619065
2012-06-30,KHM,2012,2,14932693.128022982
2012-09-30,KHM,2012,3,14972703.5663323
2012-12-31,KHM,2012,4,15562910.59
2013-03-31,KHM,2013,1,16910395.1949346
2013-06-30,KHM,2013,2,18679145.461969346
2013-09-30,KHM,2013,3,20348163.037445664
2013-12-31,KHM,2013,4,21356035.77
2014-03-31,KHM,2014,1,21341190.010743275
2014-06-30,KHM,2014,2,20619960.38623736
2014-09-30,KHM,2014,3,19648472.14555007
2014-12-31,KHM,2014,4,18919015.18
2015-03-31,KHM,2015,1,18785938.752277695
2015-06-30,KHM,2015,2,19080305.509674408
2015-09-30,KHM,2015,3,19527120.53114642
2015-12-31,KHM,2015,4,19831040.31
2016-03-31,KHM,2016,1,19776216.919570483
2016-06-30,KHM,2016,2,19449246.177599616
2016-09-30,KHM,2016,3,19000471.266003788
2016-12-31,KHM,2016,4,18592725.14
2017-03-31,KHM,2017,1,18408602.477890868
2017-06-30,KHM,2017,2,18699837.10318488
2017-09-30,KHM,2017,3,19771958.39541449
2017-12-31,KHM,2017,4,21919436.54
2018-03-31,KHM,2018,1,25074140.52394013
2018-06-30,KHM,2018,2,28227817.82421806
2018-09-30,KHM,2018,3,29969667.266998995
2018-12-31,KHM,2018,4,28829437.62
2019-03-31,KHM,2019,1,24469345.815907627
2019-06-30,KHM,2019,2,20130068.422886062
2019-09-30,KHM,2019,3,20208401.141482797
2019-12-31,KHM,2019,4,29227312.369999997
2020-03-31,KHM,2020,1,48011284.96594061
2020-06-30,KHM,2020,2,64371072.70256134
2020-09-30,KHM,2020,3,62589406.22578623
2020-12-31,KHM,2020,4,26384611.600000005
2021-03-31,KHM,2021,1,-45640347.13356904
2021-06-30,KHM,2021,2,-108663663.22773932
2021-09-30,KHM,2021,3,-101688061.19135702
2021-12-31,KHM,2021,4,37816122.97
2022-03-31,KHM,2022,1,340376514.98184866
2022-06-30,KHM,2022,2,763181977.7072072
2022-09-30,KHM,2022,3,1235889419.873381
2022-12-31,KHM,2022,4,1678930000.0
2023-03-31,KHM,2023,1,2011160789.1513243
2023-06-30,KHM,2023,2,2172733798.8956227
2023-09-30,KHM,2023,3,2083651821.2353413
2023-12-31,KHM,2023,4,1665590000.0
2024-03-31,KHM,2024,1,1665590000.0
2024-06-30,KHM,2024,2,1665590000.0
2024-09-30,KHM,2024,3,1665590000.0
2024-12-31,KHM,2024,4,1665590000.0
2005-12-31,KOR,2005,4,228498749.04
2006-03-31,KOR,2006,1,244038206.39312625
2006-06-30,KOR,2006,2,255288415.51895577
2006-09-30,KOR,2006,3,263631792.78723463
2006-12-31,KOR,2006,4,270478109.45
2007-03-31,KOR,2007,1,277221326.11956364
2007-06-30,KOR,2007,2,285582602.3817856
2007-09-30,KOR,2007,3,297143416.8327393
2007-12-31,KOR,2007,4,313378828.86
2008-03-31,KOR,2008,1,334253742.6081277
2008-06-30,KOR,2008,2,354884781.53452295
2008-09-30,KOR,2008,3,369026777.1015246
2008-12-31,KOR,2008,4,369889390.14
2009-03-31,KOR,2009,1,354269756.1828629
2009-06-30,KOR,2009,2,329324930.96534544
2009-09-30,KOR,2009,3,305195890.14118576
2009-12-31,KOR,2009,4,292741059.74
2010-03-31,KOR,2010,1,299298732.2322731
2010-06-30,KOR,2010,2,320903667.16601235
2010-09-30,KOR,2010,3,351137952.1787072
2010-12-31,KOR,2010,4,382807012.58
2011-03-31,KOR,2011,1,409518819.77395064
2011-06-30,KOR,2011,2,431071753.1394633
2011-09-30,KOR,2011,3,447271598.4672335
2011-12-31,KOR,2011,4,457837429.5799999
2012-03-31,KOR,2012,1,462997975.69172275
2012-06-30,KOR,2012,2,464212067.96525466
2012-09-30,KOR,2012,3,463038799.14077526
2012-12-31,KOR,2012,4,461077465.08
2013-03-31,KOR,2013,1,459796915.69650954
2013-06-30,KOR,2013,2,459861092.225705
2013-09-30,KOR,2013,3,461869153.2377761
2013-12-31,KOR,2013,4,466392231.8500001
2014-03-31,KOR,2014,1,473258251.5209142
2014-06-30,KOR,2014,2,480467818.7578215
2014-09-30,KOR,2014,3,485220847.0330581
2014-12-31,KOR,2014,4,484579267.53
2015-03-31,KOR,2015,1,476887627.8875615
2015-06-30,KOR,2015,2,463858959.04865515
2015-09-30,KOR,2015,3,448177275.01921874
2015-12-31,KOR,2015,4,432866802.98
2016-03-31,KOR,2016,1,420620443.9749663
2016-06-30,KOR,2016,2,412499954.5153578
2016-09-30,KOR,2016,3,409423209.07846177
2016-12-31,KOR,2016,4,412454921.09
2017-03-31,KOR,2017,1,421831444.5339332
2017-06-30,KOR,2017,2,436558003.3330048
2017-09-30,KOR,2017,3,455137386.3431087
2017-12-31,KOR,2017,4,475735384.65999997
2018-03-31,KOR,2018,1,495700334.0126999
2018-06-30,KOR,2018,2,511472779.6795434
2018-09-30,KOR,2018,3,518040409.01458585
2018-12-31,KOR,2018,4,510250237.65
2019-03-31,KOR,2019,1,487636712.39492387
2019-06-30,KOR,2019,2,463623330.9750624
2019-09-30,KOR,2019,3,456330220.2720134
2019-12-31,KOR,2019,4,484505254.22
2020-03-31,KOR,2020,1,552361464.3154376
2020-06-30,KOR,2020,2,612858985.1070154
2020-09-30,KOR,2020,3,605203467.7338412
2020-12-31,KOR,2020,4,466456375.49
2021-03-31,KOR,2021,1,192069876.2681652
2021-06-30,KOR,2021,2,-39618391.29105413
2021-09-30,KOR,2021,3,13596316.153323073
2021-12-31,KOR,2021,4,599607208.16
2022-03-31,KOR,2022,1,1839474764.5977733
2022-06-30,KOR,2022,2,3569131798.3707485
2022-09-30,KOR,2022,3,5515570041.720994
2022-12-31,KOR,2022,4,7368370000.0
2023-03-31,KOR,2023,1,8808289582.780413
2023-06-30,KOR,2023,2,9607009275.556746
2023-09-30,KOR,2023,3,9453955766.340166
2023-12-31,KOR,2023,4,8042610000.0
2024-03-31,KOR,2024,1,8042610000.0
2024-06-30,KOR,2024,2,8042610000.0
2024-09-30,KOR,2024,3,8042610000.0
2024-12-31,KOR,2024,4,8042610000.0
2005-12-31,LAO,2005,4,1181598.6
2006-03-31,LAO,2006,1,1278689.4718687003
2006-06-30,LAO,2006,2,1361704.7253211162
2006-09-30,LAO,2006,3,1437763.635574002
2006-12-31,LAO,2006,4,1513630.3700000003
2007-03-31,LAO,2007,1,1595104.235580718
2007-06-30,LAO,2007,2,1692236.4839785658
2007-09-30,LAO,2007,3,1813137.8000299288
2007-12-31,LAO,2007,4,1964584.27
2008-03-31,LAO,2008,1,2146011.605126857
2008-06-30,LAO,2008,2,2336305.6505774693
2008-09-30,LAO,2008,3,2508526.6191778597
2008-12-31,LAO,2008,4,2631029.05
2009-03-31,LAO,2009,1,2684811.2215868067
2009-06-30,LAO,2009,2,2697747.6847272436
2009-09-30,LAO,2009,3,2705211.079621681
2009-12-31,LAO,2009,4,2744246.49
2010-03-31,LAO,2010,1,2840711.248796085
2010-06-30,LAO,2010,2,2991071.2488302747
2010-09-30,LAO,2010,3,3182413.4122401495
2010-12-31,LAO,2010,4,3398448.07
2011-03-31,LAO,2011,1,3624046.5589876543
2011-06-30,LAO,2011,2,3876126.719546773
2011-09-30,LAO,2011,3,4170365.622191965
2011-12-31,LAO,2011,4,4519281.66
2012-03-31,LAO,2012,1,4923224.971749532
2012-06-30,LAO,2012,2,5351319.668324759
2012-09-30,LAO,2012,3,5763630.373760904
2012-12-31,LAO,2012,4,6109890.130000001
2013-03-31,LAO,2013,1,6354317.203120587
2013-06-30,LAO,2013,2,6531439.399986752
2013-09-30,LAO,2013,3,6678714.611183225
2013-12-31,LAO,2013,4,6834312.11
2014-03-31,LAO,2014,1,7019723.729146148
2014-06-30,LAO,2014,2,7209386.863647603
2014-09-30,LAO,2014,3,7356779.541654419
2014-12-31,LAO,2014,4,7412382.73
2015-03-31,LAO,2015,1,7347523.303842743
2015-06-30,LAO,2015,2,7193525.178827058
2015-09-30,LAO,2015,3,6995831.640994654
2015-12-31,LAO,2015,4,6804900.39
2016-03-31,LAO,2016,1,6656916.312753962
2016-06-30,LAO,2016,2,6527367.646650804
2016-09-30,LAO,2016,3,6378109.654918061
2016-12-31,LAO,2016,4,6173101.71
2017-03-31,LAO,2017,1,5923255.888305688
2017-06-30,LAO,2017,2,5793119.319398776
2017-09-30,LAO,2017,3,6006303.683426988
2017-12-31,LAO,2017,4,6788491.289999999
2018-03-31,LAO,2018,1,8128034.118122471
2018-06-30,LAO,2018,2,9299366.7782671
2018-09-30,LAO,2018,3,9314197.842419207
2018-12-31,LAO,2018,4,7158441.07
2019-03-31,LAO,2019,1,2727340.2906094315
2019-06-30,LAO,2019,2,-1276316.8434870346
2019-09-30,LAO,2019,3,-1170824.2162485824
2019-12-31,LAO,2019,4,6823449.29
2020-03-31,LAO,2020,1,23313874.115254052
2020-06-30,LAO,2020,2,37793418.84357035
2020-09-30,LAO,2020,3,36741884.212310314
2020-12-31,LAO,2020,4,6143724.42
2021-03-31,LAO,2021,1,-55395236.16331013
2021-06-30,LAO,2021,2,-110193334.7411153
2021-09-30,LAO,2021,3,-106909268.96659195
2021-12-31,LAO,2021,4,7130577.41
2022-03-31,LAO,2022,1,257230547.83973232
2022-06-30,LAO,2022,2,604608487.7789106
2022-09-30,LAO,2022,3,986698335.946891
2022-12-31,LAO,2022,4,1333310000.0
2023-03-31,LAO,2023,1,1573903629.4075189
2023-06-30,LAO,2023,2,1653866096.3862824
2023-09-30,LAO,2023,3,1502085367.083484
2023-12-31,LAO,2023,4,1049870000.0
2024-03-31,LAO,2024,1,1049870000.0
2024-06-30,LAO,2024,2,1049870000.0
2024-09-30,LAO,2024,3,1049870000.0
2024-12-31,LAO,2024,4,1049870000.0
2005-12-31,MMR,2005,4,3298558.25
2006-03-31,MMR,2006,1,3158367.21124683
2006-06-30,MMR,2006,2,3177428.4206207716
2006-09-30,MMR,2006,3,3334758.4225834464
2006-12-31,MMR,2006,4,3604250.38
2007-03-31,MMR,2007,1,3950719.585274755
2007-06-30,MMR,2007,2,4358590.728676131
2007-09-30,MMR,2007,3,4803457.449271983
2007-12-31,MMR,2007,4,5254363.52
2008-03-31,MMR,2008,1,5678193.343791623
2008-06-30,MMR,2008,2,6044490.62697756
2008-09-30,MMR,2008,3,6318302.477386476
2008-12-31,MMR,2008,4,6456702.610000001
2009-03-31,MMR,2009,1,6448197.159948858
2009-06-30,MMR,2009,2,6381305.636728922
2009-09-30,MMR,2009,3,6368328.95162272
2009-12-31,MMR,2009,4,6525999.71
2010-03-31,MMR,2010,1,6928334.250464412
2010-06-30,MMR,2010,2,7550119.656180574
2010-09-30,MMR,2010,3,8332535.155310805
2010-12-31,MMR,2010,4,9202795.03
2011-03-31,MMR,2011,1,10082600.3237514
2011-06-30,MMR,2011,2,10976506.378822004
2011-09-30,MMR,2011,3,11868262.38988883
2011-12-31,MMR,2011,4,12731375.26
2012-03-31,MMR,2012,1,13545776.64311657
2012-06-30,MMR,2012,2,14330818.899080366
2012-09-30,MMR,2012,3,15109915.857746365
2012-12-31,MMR,2012,4,15889773.26
2013-03-31,MMR,2013,1,16669427.253289228
2013-06-30,MMR,2013,2,17495385.52164364
2013-09-30,MMR,2013,3,18391395.77968115
2013-12-31,MMR,2013,4,19371503.38
2014-03-31,MMR,2014,1,20411801.94627093
2014-06-30,MMR,2014,2,21455816.965871353
2014-09-30,MMR,2014,3,22388040.477400836
2014-12-31,MMR,2014,4,23079599.53
2015-03-31,MMR,2015,1,23442588.784430604
2015-06-30,MMR,2015,2,23544700.966690622
2015-09-30,MMR,2015,3,23462872.70492407
2015-12-31,MMR,2015,4,23281788.61
2016-03-31,MMR,2016,1,23079740.21584993
2016-06-30,MMR,2016,2,22885974.00088013
2016-09-30,MMR,2016,3,22719048.14250917
2016-12-31,MMR,2016,4,22601988.41
2017-03-31,MMR,2017,1,22568420.7641512
2017-06-30,MMR,2017,2,22700908.089183595
2017-09-30,MMR,2017,3,23105524.45579002
2017-12-31,MMR,2017,4,23884140.37
2018-03-31,MMR,2018,1,25009740.26439227
2018-06-30,MMR,2018,2,26119995.451644782
2018-09-30,MMR,2018,3,26708179.51366892
2018-12-31,MMR,2018,4,26246879.44
2019-03-31,MMR,2019,1,24639962.83851545
2019-06-30,MMR,2019,2,23168680.836051445
2019-09-30,MMR,2019,3,23562788.835163504
2019-12-31,MMR,2019,4,27595532.25
2020-03-31,MMR,2020,1,35537255.78766043
2020-06-30,MMR,2020,2,42380011.44525206
2020-09-30,MMR,2020,3,41677449.16124346
2020-12-31,MMR,2020,4,26749965.59
2021-03-31,MMR,2021,1,-3065506.0332843205
2021-06-30,MMR,2021,2,-29879823.535746377
2021-09-30,MMR,2021,3,-29299894.50907502
2021-12-31,MMR,2021,4,23714433.0
2022-03-31,MMR,2022,1,142592745.75743574
2022-06-30,MMR,2022,2,315904452.5995901
2022-09-30,MMR,2022,3,522835416.87894654
2022-12-31,MMR,2022,4,738790000.0
2023-03-31,MMR,2023,1,936737629.9329362
2023-06-30,MMR,2023,2,1101413074.7480686
2023-09-30,MMR,2023,3,1209065707.3944173
2023-12-31,MMR,2023,4,1234700000.0
2024-03-31,MMR,2024,1,1234700000.0
2024-06-30,MMR,2024,2,1234700000.0
2024-09-30,MMR,2024,3,1234700000.0
2024-12-31,MMR,2024,4,1234700000.0
2005-12-31,MYS,2005,4,117174262.13
2006-03-31,MYS,2006,1,123918580.50191332
2006-06-30,MYS,2006,2,129234203.80518848
2006-09-30,MYS,2006,3,133572784.56237346
2006-12-31,MYS,2006,4,137378182.24
2007-03-31,MYS,2007,1,141074632.1766385
2007-06-30,MYS,2007,2,145276410.7593492
2007-09-30,MYS,2007,3,150500404.39751568
2007-12-31,MYS,2007,4,157213704.4
2008-03-31,MYS,2008,1,165329322.56622517
2008-06-30,MYS,2008,2,172957119.9786632
2008-09-30,MYS,2008,3,177679637.67788124
2008-12-31,MYS,2008,4,176880736.23999998
2009-03-31,MYS,2009,1,169438806.32275102
2009-06-30,MYS,2009,2,158456438.3288768
2009-09-30,MYS,2009,3,148320434.40982056
2009-12-31,MYS,2009,4,143715943.66
2010-03-31,MYS,2010,1,147697005.11699644
2010-06-30,MYS,2010,2,158197818.7361143
2010-09-30,MYS,2010,3,171974380.57076287
2010-12-31,MYS,2010,4,185425528.32000002
2011-03-31,MYS,2011,1,195579286.96654657
2011-06-30,MYS,2011,2,202957291.89596495
2011-09-30,MYS,2011,3,208337923.52037665
2011-12-31,MYS,2011,4,212514097.03
2012-03-31,MYS,2012,1,216207391.3918933
2012-06-30,MYS,2012,2,219710164.75130397
2012-09-30,MYS,2012,3,223178697.6445677
2012-12-31,MYS,2012,4,226696145.77000004
2013-03-31,MYS,2013,1,230246469.20977005
2013-06-30,MYS,2013,2,233779267.1357998
2013-09-30,MYS,2013,3,237062254.29292825
2013-12-31,MYS,2013,4,239821678.76
2014-03-31,MYS,2014,1,241720147.02921504
2014-06-30,MYS,2014,2,242253855.94795972
2014-09-30,MYS,2014,3,240709054.7599543
2014-12-31,MYS,2014,4,236392109.28
2015-03-31,MYS,2015,1,229174068.45639914
2015-06-30,MYS,2015,2,219948604.6312871
2015-09-30,MYS,2015,3,210124921.46470737
2015-12-31,MYS,2015,4,201293672.7
2016-03-31,MYS,2016,1,194747381.3508407
2016-06-30,MYS,2016,2,190555630.32377052
2016-09-30,MYS,2016,3,188628181.87183177
2016-12-31,MYS,2016,4,188939837.03
2017-03-31,MYS,2017,1,191358391.623309
2017-06-30,MYS,2017,2,195991148.98417503
2017-09-30,MYS,2017,3,203003902.23628998
2017-12-31,MYS,2017,4,212452951.05
2018-03-31,MYS,2018,1,223480626.0128477
2018-06-30,MYS,2018,2,233115642.55258772
2018-09-30,MYS,2018,3,237211635.2594244
2018-12-31,MYS,2018,4,231483184.60000002
2019-03-31,MYS,2019,1,215313743.55985665
2019-06-30,MYS,2019,2,199381715.8680084
2019-09-30,MYS,2019,3,198145263.05075985
2019-12-31,MYS,2019,4,226490386.96
2020-03-31,MYS,2020,1,287092045.72501415
2020-06-30,MYS,2020,2,339640063.69508934
2020-09-30,MYS,2020,3,332176653.33333653
2020-12-31,MYS,2020,4,210912634.46000004
2021-03-31,MYS,2021,1,-28312336.404501047
2021-06-30,MYS,2021,2,-235275075.42320004
2021-09-30,MYS,2021,3,-205668983.5881635
2021-12-31,MYS,2021,4,269840936.93
2022-03-31,MYS,2022,1,1291978197.6619215
2022-06-30,MYS,2022,2,2711344498.5930886
2022-09-30,MYS,2022,3,4284414475.816611
2022-12-31,MYS,2022,4,5736740000.0
2023-03-31,MYS,2023,1,6790369697.230891
2023-06-30,MYS,2023,2,7235783461.226357
2023-09-30,MYS,2023,3,6796114661.027717
2023-12-31,MYS,2023,4,5202000000.0
2024-03-31,MYS,2024,1,5202000000.0
2024-06-30,MYS,2024,2,5202000000.0
2024-09-30,MYS,2024,3,5202000000.0
2024-12-31,MYS,2024,4,5202000000.0
2005-12-31,NZL,2005,4,26564229.13
2006-03-31,NZL,2006,1,26401736.00564356
2006-06-30,NZL,2006,2,26428755.015839864
2006-09-30,NZL,2006,3,26662743.45804513
2006-12-31,NZL,2006,4,27115791.67
2007-03-31,NZL,2007,1,27781813.121261764
2007-06-30,NZL,2007,2,28690169.12584323
2007-09-30,NZL,2007,3,29859762.838700958
2007-12-31,NZL,2007,4,31293243.2
2008-03-31,NZL,2008,1,32899096.27071398
2008-06-30,NZL,2008,2,34288795.07379086
2008-09-30,NZL,2008,3,34978807.38479855
2008-12-31,NZL,2008,4,34450203.87
2009-03-31,NZL,2009,1,32491645.49654891
2009-06-30,NZL,2009,2,29702595.997299418
2009-09-30,NZL,2009,3,26946956.391455386
2009-12-31,NZL,2009,4,25157863.62
2010-03-31,NZL,2010,1,24987687.417284876
2010-06-30,NZL,2010,2,26124437.36300255
2010-09-30,NZL,2010,3,28083661.69169711
2010-12-31,NZL,2010,4,30322684.38
2011-03-31,NZL,2011,1,32342079.465467725
2011-06-30,NZL,2011,2,34072915.48547714
2011-09-30,NZL,2011,3,35441893.83169452
2011-12-31,NZL,2011,4,36364115.52
2012-03-31,NZL,2012,1,36809937.88560078
2012-06-30,NZL,2012,2,36909362.999251164
2012-09-30,NZL,2012,3,36814205.81498101
2012-12-31,NZL,2012,4,36680186.67
2013-03-31,NZL,2013,1,36655351.98443581
2013-06-30,NZL,2013,2,36846922.52732753
2013-09-30,NZL,2013,3,37365376.33073188
2013-12-31,NZL,2013,4,38315003.53
2014-03-31,NZL,2014,1,39678843.409642056
2014-06-30,NZL,2014,2,41170273.51356516
2014-09-30,NZL,2014,3,42371601.34530258
2014-12-31,NZL,2014,4,42837936.04
2015-03-31,NZL,2015,1,42308165.55341462
2015-06-30,NZL,2015,2,41068532.799701355
2015-09-30,NZL,2015,3,39536403.26239858
2015-12-31,NZL,2015,4,38170231.51
2016-03-31,NZL,2016,1,37314187.439924344
2016-06-30,NZL,2016,2,36849803.58065106
2016-09-30,NZL,2016,3,36565217.53251251
2016-12-31,NZL,2016,4,36251356.2
2017-03-31,NZL,2017,1,35853987.19233612
2017-06-30,NZL,2017,2,35897894.933506325
2017-09-30,NZL,2017,3,37102496.05631994
2017-12-31,NZL,2017,4,40187331.25
2018-03-31,NZL,2018,1,45102857.4036043
2018-06-30,NZL,2018,2,49550669.04995831
2018-09-30,NZL,2018,3,50374145.29812332
2018-12-31,NZL,2018,4,44324751.93
2019-03-31,NZL,2019,1,30989274.57607171
2019-06-30,NZL,2019,2,18736672.752473235
2019-09-30,NZL,2019,3,18958559.421644624
2019-12-31,NZL,2019,4,43354922.42
2020-03-31,NZL,2020,1,93826770.37691496
2020-06-30,NZL,2020,2,137900644.58340007
2020-09-30,NZL,2020,3,133778644.17423606
2020-12-31,NZL,2020,4,38148805.51
2021-03-31,NZL,2021,1,-153047374.51581448
2021-06-30,NZL,2021,2,-322246226.22108716
2021-09-30,NZL,2021,3,-309329944.6900585
2021-12-31,NZL,2021,4,49928447.96999999
2022-03-31,NZL,2022,1,836398996.3222485
2022-06-30,NZL,2022,2,1939979400.54889
2022-09-30,NZL,2022,3,3179163404.640587
2022-12-31,NZL,2022,4,4348309999.999999
2023-03-31,NZL,2023,1,5237051377.813108
2023-06-30,NZL,2023,2,5691690181.32435
2023-09-30,NZL,2023,3,5505780416.201982
2023-12-31,NZL,2023,4,4476610000.0
2024-03-31,NZL,2024,1,4476610000.0
2024-06-30,NZL,2024,2,4476610000.0
2024-09-30,NZL,2024,3,4476610000.0
2024-12-31,NZL,2024,4,4476610000.0
2005-12-31,PHL,2005,4,53696358.9
2006-03-31,PHL,2006,1,54881434.630034186
2006-06-30,PHL,2006,2,56132421.52718401
2006-09-30,PHL,2006,3,57514267.515353896
2006-12-31,PHL,2006,4,59077875.839999996
2007-03-31,PHL,2007,1,60845083.9304573
2007-06-30,PHL,2007,2,62932668.23553257
2007-09-30,PHL,2007,3,65413797.57117985
2007-12-31,PHL,2007,4,68331567.01
2008-03-31,PHL,2008,1,71550453.5040251
2008-06-30,PHL,2008,2,74363452.50408615
2008-09-30,PHL,2008,3,75880661.46767576
2008-12-31,PHL,2008,4,75141469.48
2009-03-31,PHL,2009,1,71792851.57081048
2009-06-30,PHL,2009,2,67164442.21042089
2009-09-30,PHL,2009,3,63123823.797781624
2009-12-31,PHL,2009,4,61658611.48
2010-03-31,PHL,2010,1,64010552.7092234
2010-06-30,PHL,2010,2,69142305.65613897
2010-09-30,PHL,2010,3,75456323.23058967
2010-12-31,PHL,2010,4,81191867.02
2011-03-31,PHL,2011,1,84975762.73720028
2011-06-30,PHL,2011,2,87266666.7474392
2011-09-30,PHL,2011,3,88732626.94466245
2011-12-31,PHL,2011,4,90071980.42
2012-03-31,PHL,2012,1,91825345.41222791
2012-06-30,PHL,2012,2,93897826.92399924
2012-09-30,PHL,2012,3,96039947.21544786
2012-12-31,PHL,2012,4,97949121.17000002
2013-03-31,PHL,2013,1,99425143.7011994
2013-06-30,PHL,2013,2,100784265.16930844
2013-09-30,PHL,2013,3,102399816.64824824
2013-12-31,PHL,2013,4,104640779.01
2014-03-31,PHL,2014,1,107608196.0725544
2014-06-30,PHL,2014,2,110739982.91128051
2014-09-30,PHL,2014,3,113164474.92152284
2014-12-31,PHL,2014,4,113955943.64999999
2015-03-31,PHL,2015,1,112618754.48107336
2015-06-30,PHL,2015,2,109945160.58533187
2015-09-30,PHL,2015,3,107058869.34376566
2015-12-31,PHL,2015,4,105170754.58
2016-03-31,PHL,2016,1,105148967.7005152
2016-06-30,PHL,2016,2,106616777.88005556
2016-09-30,PHL,2016,3,108953689.02552764
2016-12-31,PHL,2016,4,111480922.70999998
2017-03-31,PHL,2017,1,113727040.94012134
2017-06-30,PHL,2017,2,116318581.95463008
2017-09-30,PHL,2017,3,120076480.99810705
2017-12-31,PHL,2017,4,125799186.31000002
2018-03-31,PHL,2018,1,133390471.09258775
2018-06-30,PHL,2018,2,140283446.0523806
2018-09-30,PHL,2018,3,142852449.3759679
2018-12-31,PHL,2018,4,137351788.29
2019-03-31,PHL,2019,1,123222234.46862976
2019-06-30,PHL,2019,2,109794292.49392098
2019-09-30,PHL,2019,3,109731706.6374517
2019-12-31,PHL,2019,4,136053277.19
2020-03-31,PHL,2020,1,190908073.78256077
2020-06-30,PHL,2020,2,238218195.79761374
2020-09-30,PHL,2020,3,231523322.73005924
2020-12-31,PHL,2020,4,122722239.34
2021-03-31,PHL,2021,1,-92032214.03862128
2021-06-30,PHL,2021,2,-279188233.6024928
2021-09-30,PHL,2021,3,-257030139.3725181
2021-12-31,PHL,2021,4,160694229.05
2022-03-31,PHL,2022,1,1063034031.9865074
2022-06-30,PHL,2022,2,2313271272.606704
2022-09-30,PHL,2022,3,3690137642.6590247
2022-12-31,PHL,2022,4,4945060000.0
2023-03-31,PHL,2023,1,5827704474.718496
2023-06-30,PHL,2023,2,6145813886.683471
2023-09-30,PHL,2023,3,5647880800.677929
2023-12-31,PHL,2023,4,4090480000.0
2024-03-31,PHL,2024,1,4090480000.0
2024-06-30,PHL,2024,2,4090480000.0
2024-09-30,PHL,2024,3,4090480000.0
2024-12-31,PHL,2024,4,4090480000.0
2005-12-31,SGP,2005,4,181039454.58
2006-03-31,SGP,2006,1,192902948.4300163
2006-06-30,SGP,2006,2,201393869.55706027
2006-09-30,SGP,2006,3,207548887.84505188
2006-12-31,SGP,2006,4,212429051.08999997
2007-03-31,SGP,2007,1,217095260.4697658
2007-06-30,SGP,2007,2,222832698.295479
2007-09-30,SGP,2007,3,230827993.71060756
2007-12-31,SGP,2007,4,242197720.43
2008-03-31,SGP,2008,1,256991758.41470015
2008-06-30,SGP,2008,2,271845614.29052335
2008-09-30,SGP,2008,3,282446376.4506938
2008-12-31,SGP,2008,4,284088658.01
2009-03-31,SGP,2009,1,274454815.3412516
2009-06-30,SGP,2009,2,258176020.54176456
2009-09-30,SGP,2009,3,241822078.35605827
2009-12-31,SGP,2009,4,232446049.28
2010-03-31,SGP,2010,1,234920660.21817243
2010-06-30,SGP,2010,2,246909755.90884987
2010-09-30,SGP,2010,3,264593659.5892935
2010-12-31,SGP,2010,4,283683816.14
2011-03-31,SGP,2011,1,300327346.24468863
2011-06-30,SGP,2011,2,314366891.388963
2011-09-30,SGP,2011,3,325639753.7019987
2011-12-31,SGP,2011,4,333904541.8899999
2012-03-31,SGP,2012,1,339186629.6430899
2012-06-30,SGP,2012,2,342204719.77945846
2012-09-30,SGP,2012,3,343718604.00765955
2012-12-31,SGP,2012,4,344457775.95
2013-03-31,SGP,2013,1,345114314.95722246
2013-06-30,SGP,2013,2,346147335.21299183
2013-09-30,SGP,2013,3,347950077.1992844
2013-12-31,SGP,2013,4,350901223.86
2014-03-31,SGP,2014,1,354894627.0455598
2014-06-30,SGP,2014,2,358489171.5919648
2014-09-30,SGP,2014,3,359675144.9982742
2014-12-31,SGP,2014,4,356379052.39
2015-03-31,SGP,2015,1,347596380.809474
2015-06-30,SGP,2015,2,334894742.4986845
2015-09-30,SGP,2015,3,320735004.3221091
2015-12-31,SGP,2015,4,307870281.7
2016-03-31,SGP,2016,1,298539161.8448429
2016-06-30,SGP,2016,2,292843634.9804357
2016-09-30,SGP,2016,3,290572282.4883031
2016-12-31,SGP,2016,4,291595859.83
2017-03-31,SGP,2017,1,295584232.7834738
2017-06-30,SGP,2017,2,302427606.02254224
2017-09-30,SGP,2017,3,312024173.3345178
2017-12-31,SGP,2017,4,324115886.89
2018-03-31,SGP,2018,1,337538728.2642885
2018-06-30,SGP,2018,2,349298895.6760038
2018-09-30,SGP,2018,3,355169369.9840059
2018-12-31,SGP,2018,4,350767605.1
2019-03-31,SGP,2019,1,335284682.0223909
2019-06-30,SGP,2019,2,318805648.0063664
2019-09-30,SGP,2019,3,314990278.5907477
2019-12-31,SGP,2019,4,337952557.56
2020-03-31,SGP,2020,1,390557388.0948437
2020-06-30,SGP,2020,2,435909556.1511319
2020-09-30,SGP,2020,3,426369935.37741405
2020-12-31,SGP,2020,4,312681362.45
2021-03-31,SGP,2021,1,91219202.2276341
2021-06-30,SGP,2021,2,-99746408.9649089
2021-09-30,SGP,2021,3,-72114430.04720919
2021-12-31,SGP,2021,4,366827604.72
2022-03-31,SGP,2022,1,1312570459.8756654
2022-06-30,SGP,2022,2,2642133385.233388
2022-09-30,SGP,2022,3,4149739391.295355
2022-12-31,SGP,2022,4,5600720000.0
2023-03-31,SGP,2023,1,6752344446.025295
2023-06-30,SGP,2023,2,7434041272.430751
2023-09-30,SGP,2023,3,7411656630.169807
2023-12-31,SGP,2023,4,6452860000.000001
2024-03-31,SGP,2024,1,6452860000.000001
2024-06-30,SGP,2024,2,6452860000.000001
2024-09-30,SGP,2024,3,6452860000.000001
2024-12-31,SGP,2024,4,6452860000.000001
2005-12-31,THA,2005,4,102636682.87
2006-03-31,THA,2006,1,106991587.08736812
2006-06-30,THA,2006,2,109646366.59423068
2006-09-30,THA,2006,3,111227843.55749206
2006-12-31,THA,2006,4,112394390.16000001
2007-03-31,THA,2007,1,113802756.0729606
2007-06-30,THA,2007,2,116165371.81863771
2007-09-30,THA,2007,3,120198135.16142902
2007-12-31,THA,2007,4,126577637.95000002
2008-03-31,THA,2008,1,135286771.72654358
2008-06-30,THA,2008,2,144094914.83773643
2008-09-30,THA,2008,3,150164134.31048736
2008-12-31,THA,2008,4,150418956.97
2009-03-31,THA,2009,1,143417525.9073917
2009-06-30,THA,2009,2,132491215.12442712
2009-09-30,THA,2009,3,122356238.00183856
2009-12-31,THA,2009,4,118043533.05
2010-03-31,THA,2010,1,122832293.57844712
2010-06-30,THA,2010,2,134532095.17264813
2010-09-30,THA,2010,3,149665331.7803237
2010-12-31,THA,2010,4,164369019.73
2011-03-31,THA,2011,1,175493268.03556204
2011-06-30,THA,2011,2,183797644.18469873
2011-09-30,THA,2011,3,190357328.51080054
2011-12-31,THA,2011,4,196258832.75999996
2012-03-31,THA,2012,1,202334150.45808095
2012-06-30,THA,2012,2,208387190.2015993
2012-09-30,THA,2012,3,213928387.19396767
2012-12-31,THA,2012,4,218327275.00999996
2013-03-31,THA,2013,1,221085676.47964537
2013-06-30,THA,2013,2,222297145.1281484
2013-09-30,THA,2013,3,221993329.64167905
2013-12-31,THA,2013,4,220237585.45
2014-03-31,THA,2014,1,217251720.61710152
2014-06-30,THA,2014,2,213319224.9140764
2014-09-30,THA,2014,3,208838432.3262759
2014-12-31,THA,2014,4,204283910.67
2015-03-31,THA,2015,1,200113150.52380627
2015-06-30,THA,2015,2,196282169.9240905
2015-09-30,THA,2015,3,192838706.33640075
2015-12-31,THA,2015,4,189862592.21
2016-03-31,THA,2016,1,187454885.4674942
2016-06-30,THA,2016,2,185822478.633873
2016-09-30,THA,2016,3,185249309.6552888
2016-12-31,THA,2016,4,186050893.48
2017-03-31,THA,2017,1,188468155.32084867
2017-06-30,THA,2017,2,192946912.90850735
2017-09-30,THA,2017,3,199979005.88318315
2017-12-31,THA,2017,4,209958739.12
2018-03-31,THA,2018,1,222151574.91707155
2018-06-30,THA,2018,2,233057532.64919224
2018-09-30,THA,2018,3,237779379.86850953
2018-12-31,THA,2018,4,231250511.35999998
2019-03-31,THA,2019,1,212567764.49242884
2019-06-30,THA,2019,2,193592442.66807905
2019-09-30,THA,2019,3,190445933.10424668
2019-12-31,THA,2019,4,219755477.99
2020-03-31,THA,2020,1,284702608.13027877
2020-06-30,THA,2020,2,341071464.6983059
2020-09-30,THA,2020,3,331828424.86026204
2020-12-31,THA,2020,4,197955677.83
2021-03-31,THA,2021,1,-65224785.008167066
2021-06-30,THA,2021,2,-293483104.59857464
2021-09-30,THA,2021,3,-263368538.17614564
2021-12-31,THA,2021,4,254099887.40999997
2022-03-31,THA,2022,1,1368702016.4427068
2022-06-30,THA,2022,2,2914599038.719121
2022-09-30,THA,2022,3,4622453050.728094
2022-12-31,THA,2022,4,6189210000.0
2023-03-31,THA,2023,1,7308814896.024647
2023-06-30,THA,2023,2,7748388564.148867
2023-09-30,THA,2023,3,7201751718.294306
2023-12-31,THA,2023,4,5371800000.0
2024-03-31,THA,2024,1,5371800000.0
2024-06-30,THA,2024,2,5371800000.0
2024-09-30,THA,2024,3,5371800000.0
2024-12-31,THA,2024,4,5371800000.0
2005-12-31,VNM,2005,4,36923604.84
2006-03-31,VNM,2006,1,37992249.38871388
2006-06-30,VNM,2006,2,39945820.53046302
2006-09-30,VNM,2006,3,42721227.2182337
2006-12-31,VNM,2006,4,46208162.39000001
2007-03-31,VNM,2007,1,50217921.88700383
2007-06-30,VNM,2007,2,54784150.44520446
2007-09-30,VNM,2007,3,59831785.63901952
2007-12-31,VNM,2007,4,65219792.72999999
2008-03-31,VNM,2008,1,70685126.42012613
2008-06-30,VNM,2008,2,75657897.51025979
2008-09-30,VNM,2008,3,79435679.44428667
2008-12-31,VNM,2008,4,81201233.58
2009-03-31,VNM,2009,1,80601991.84755936
2009-06-30,VNM,2009,2,78714312.03753258
2009-09-30,VNM,2009,3,76951869.66715533
2009-12-31,VNM,2009,4,76811055.0
2010-03-31,VNM,2010,1,79318418.29846232
2010-06-30,VNM,2010,2,84167784.5569632
2010-09-30,VNM,2010,3,90710998.70116691
2010-12-31,VNM,2010,4,98169568.35999998
2011-03-31,VNM,2011,1,105659581.94323318
2011-06-30,VNM,2011,2,112798573.49760768
2011-09-30,VNM,2011,3,118946146.5855505
2011-12-31,VNM,2011,4,123383970.95000002
2012-03-31,VNM,2012,1,125791960.97635466
2012-06-30,VNM,2012,2,127233432.72990276
2012-09-30,VNM,2012,3,129064013.76856798
2012-12-31,VNM,2012,4,132638064.4
2013-03-31,VNM,2013,1,138739539.2878044
2013-06-30,VNM,2013,2,146798046.49741197
2013-09-30,VNM,2013,3,155699025.01427537
2013-12-31,VNM,2013,4,164165747.95000002
2014-03-31,VNM,2014,1,171132008.42786908
2014-06-30,VNM,2014,2,176996494.74617133
2014-09-30,VNM,2014,3,182139905.03695714
2014-12-31,VNM,2014,4,186918674.89000002
2015-03-31,VNM,2015,1,191525930.23118508
2015-06-30,VNM,2015,2,195888892.32963052
2015-09-30,VNM,2015,3,199631307.23965278
2015-12-31,VNM,2015,4,202330416.63999996
2016-03-31,VNM,2016,1,203856192.15228125
2016-06-30,VNM,2016,2,205121220.8006764
2016-09-30,VNM,2016,3,207282337.88780698
2016-12-31,VNM,2016,4,211488189.37999997
2017-03-31,VNM,2017,1,218396965.7917099
2017-06-30,VNM,2017,2,227773603.410257
2017-09-30,VNM,2017,3,238946706.4610017
2017-12-31,VNM,2017,4,251062198.66
2018-03-31,VNM,2018,1,262789994.92569605
2018-06-30,VNM,2018,2,272237136.2921109
2018-09-30,VNM,2018,3,276661446.7102326
2018-12-31,VNM,2018,4,273234684.27
2019-03-31,VNM,2019,1,262040114.33661196
2019-06-30,VNM,2019,2,252278401.83848044
2019-09-30,VNM,2019,3,256182069.81381485
2019-12-31,VNM,2019,4,286270839.31
2020-03-31,VNM,2020,1,344464666.3854558
2020-06-30,VNM,2020,2,395588192.5754589
2020-09-30,VNM,2020,3,394374593.4805729
2020-12-31,VNM,2020,4,293843822.96
2021-03-31,VNM,2021,1,90125010.0327412
2021-06-30,VNM,2021,2,-86230124.78086223
2021-09-30,VNM,2021,3,-57840683.53855028
2021-12-31,VNM,2021,4,357022783.48
2022-03-31,VNM,2022,1,1244145512.860314
2022-06-30,VNM,2022,2,2465354570.464895
2022-09-30,VNM,2022,3,3798394440.455994
2022-12-31,VNM,2022,4,4994389999.999999
2023-03-31,VNM,2023,1,5804254827.260115
2023-06-30,VNM,2023,2,6033034597.749624
2023-09-30,VNM,2023,3,5428165078.596738
2023-12-31,VNM,2023,4,3746570000.0
2024-03-31,VNM,2024,1,3746570000.0
2024-06-30,VNM,2024,2,3746570000.0
2024-09-30,VNM,2024,3,3746570000.0
2024-12-31,VNM,2024,4,3746570000.0
